rssd9001,Affect
1056769,0.0
3555341,0.0
3219474,0.0
1916948,0.0
2482196,0.0
2236447,0.0
3121193,0.0
1097771,0.0
1245228,0.0
2891819,0.0
2818094,0.0
1048625,8.039757633333332e-06
1417267,0.0
1130548,0.0
2146359,0.0
1417276,0.0
3309629,0.0
1056835,0.0007992781749999999
1048652,0.0011277725871428573
2089036,0.002495556442857143
1138768,0.0
3244113,0.0
1130584,0.0
3104860,0.0
1048670,0.0018798838722222223
1138786,0.0
2326629,0.0
1138795,0.0
1245291,0.0
1417324,0.0
1097838,0.0
2621548,0.0
1204337,0.0
1417333,0.0
1122422,0.0
3219577,0.0
1204346,0.0
1417360,0.039000945
2687124,0.0
2384021,0.0005003465133333333
3170454,0.0
1048728,0.0
1417379,0.0
2990244,0.002493736925
2351274,0.0
1974443,3.881615941111111e-05
1138861,0.0
1048764,0.0
2638014,0.0
3137729,0.0
1081538,0.0
1097922,0.0
3367106,0.0
1048773,0.021077995410555557
1974470,0.0
2818245,0.0
1130696,0.0
1245385,0.0
1065163,0.0
1056974,0.0
2490575,9.360154066666667e-05
1106132,0.0
2728157,0.0
3326176,0.0
1048803,0.0
1138919,0.0
1245415,0.01701144690555556
3170539,0.0
1048812,0.0
3145966,0.0
1138928,0.0
3449075,
3375352,0.0
2523389,0.0
1097986,0.0
1245442,0.0
3375370,0.12758298
1138955,0.0
1081613,0.0
1032464,0.0
1048849,0.0
1245460,0.0
1401109,0.0
1081622,0.0
2162966,
1032473,0.1266539081666667
1048858,0.0
1130780,0.0030934324420588237
2752796,0.0
1401118,0.017671560611111112
1048867,3.172697522777778e-06
2900261,0.0
3014950,0.0
1245479,0.0
1417511,0.0
2244910,0.00143010285
1098031,0.0
3219764,0.0
3416376,0.0
1048894,0.0
3047743,0.0
3309889,0.0
1401154,0.0
2720067,0.0
1245509,0.0
1130829,0.0
2711887,0.0
1204560,0.0
2613589,0.0
1081686,0.0
2457943,0.0
2867542,0.0
1057113,0.0
2138466,0.0
2081124,0.0
1401190,0.0
1491306,0.0
1130865,0.0
1081716,0.0
3162486,0.0
2900355,0.0
1491333,0.0
1114502,0.0
1204618,0.0
1245581,0.0
1073551,0.05738592664705883
1204627,0.0
1245590,0.0
1491351,0.0
1081752,0.0
1130904,0.0
2908566,0.0
1139103,0.0
1491360,0.0
1065378,0.0
1048997,0.0
1098152,0.0
2810285,0.0
2507183,0.0
2367921,0.011354679333333334
3137970,
1130931,0.0
1245620,0.0048407049
1491409,0.0
1098198,0.0
2040288,0.0
1057252,0.0
2277860,0.001416344653125
1139176,0.0
1114605,0.0
1139185,0.0
3301883,0.0
3211777,0.0
3432965,0.0
1491463,0.0
1245705,0.0
2499082,0.0
1204748,0.0
2777614,0.0
1139215,2.108734658823529e-05
1081873,0.0
1491490,0.0
1122851,0.0
1106468,0.0
2621986,0.0
1204775,0.0
1139242,0.0
1245741,5.3081091999999994e-05
2859565,0.0
2630193,0.0
3195448,0.0
1057337,0.0
1139260,0.0
2744894,0.0
1098303,0.0
1131077,0.0007348225348823529
1204805,0.0
3138119,0.0
1204814,0.0
1139279,0.00010147485998823529
1966671,0.0
1106516,0.0005719694802572223
3449431,0.0
1073757,0.12970926055555554
2007647,0.0
1139297,0.0
2056805,0.0
2368106,0.001817681102
3023466,0.0
2687601,0.0
2384508,0.0
2728577,3.663112073333333e-06
1204869,0.0
3687046,0.0
1204878,0.0
1098385,0.0
1139345,0.0
2286228,0.0
1057430,0.0
1139354,0.00046053194
1491614,0.0
1917600,0.0
1139363,0.0
1098415,0.0
1491641,0.0
2237118,0.0
1966783,0.110232082185625
1491650,0.0
1106628,0.0
2589385,0.0
1082058,0.0
1082067,0.0
2253529,0.0
2360043,0.0
2343662,0.0
1049341,0.0012277430900000002
1123072,0.0
2540292,0.0
1139466,0.0
2155276,0.0
1098509,0.0
3212046,0.0
2269977,0.0
3719965,0.0
1205026,0.0
1123111,0.0
3162927,0.0
2900784,0.0
1139505,0.0
2687795,0.0
1057588,0.0
3719992,0.0
3212091,0.00073693815994375
1114940,0.0
1205053,0.0
3023680,0.00154005196
2351939,0.0
2851653,0.0
1139532,0.0
1925968,0.0
1057618,0.0
2925394,0.0
1098581,0.0
1139541,0.0
2728791,0.0
1491801,0.0
1098590,0.0
2925406,0.0
3031902,0.0
1082209,0.0
3547999,0.0006410156516666667
1999718,0.0
2868071,9.040574000000001e-05
3195756,0.0
1131376,0.0
2376567,0.0
1123193,0.0
2351993,0.0
1098620,0.0
3122051,0.0
1115013,0.0
2155397,0.0
1131406,0.0
2868110,0.0
1491856,0.0
1123223,0.0
1098648,0.0
3072923,0.0
3195804,0.0
1115040,0.0
1139617,0.0
2868129,0.0
1057702,0.0
1958827,0.0
2474931,0.0
1131451,0.0
3015612,0.0
1106879,0.0
1205183,0.0
1491913,0.0
1246159,0.03100660288235294
1098705,0.0
1131488,0.0
3269602,0.0
2728933,0.0
1131497,0.0
1074156,0.006413522716666666
1098732,0.0
1098741,0.0
2327541,0.0
3343351,0.0
1057784,0.0
1131518,0.0
1082375,0.0
1131527,0.0
3228681,0.0
1246216,0.03543572147058824
2958347,0.0
2507790,5.5645290266666666e-05
2868240,0.0
2909200,0.0
2589714,0.0
1066003,0.0
1205268,0.0
2835475,0.0
2065432,0.0
1082393,0.0
2860057,0.0
2294812,0.0
3228702,0.0
1098796,0.0
1246252,0.0
1106990,0.0
2270254,0.0
3327025,0.0
2532402,0.023883564406249995
1827893,0.0
1057850,0.0
2835514,0.0
2008130,0.0
3114056,0.0
1123401,0.0
1205325,0.0
1139792,0.0
1123410,0.0
1066067,0.0
1131602,0.0
2016340,0.0
2925657,0.0
1246298,0.0
1131611,0.0
1098844,0.0
1139804,0.0
2008158,0.0
2630746,0.0
2352226,0.0
1082469,0.0
1139813,0.0
1082478,0.0
2950257,0.0
1057908,0.0
1246328,0.0
1885307,9.788428333333333e-05
2180223,0.0
1098880,0.0
1139840,0.0
2876544,0.0
2360454,0.0
2180232,0.0
1057935,0.0
1131666,0.0
1205398,0.0
2352280,0.0
1139868,0.0
1975459,0.0
2639011,0.0
1057962,0.0
1246382,0.0
1098929,0.0
2704562,0.0
1057980,0.0
2860226,0.0
1115349,0.0
1139925,0.0
1066209,0.0
1205473,0.0
1049828,0.007117249388888889
1131750,0.0
1115367,0.0
2098412,0.0013861907833333331
1107184,0.0
1139952,0.0
1107193,0.0
1115385,0.0
1492219,0.0
1033470,0.053602631500000004
1860863,0.0
1131778,0.0
1246467,0.0
2745604,0.0
1107205,0.05243624227777779
1131787,0.03876642311764705
1246476,0.0
1115406,0.0
2049302,0.0
2794778,0.0
1025309,0.005404575988333334
1115424,0.0
2688288,0.0
3015975,0.0
1115433,0.0
2655534,0.0
1140015,0.0
1492273,0.0
1246515,0.0
3048768,0.0
1099074,0.0
1426755,0.0
1082692,0.0
1123652,0.0
1246533,0.0
1492291,0.0
1123661,0.0
1131853,0.0
1246542,0.0
2950480,0.0
1205585,0.0
2508117,0.0
1123670,3.0982979411764705e-05
3695957,0.0
2721112,0.0
1082731,0.0
1107308,0.0
1099122,0.0
1246579,0.0
1058165,0.0
2114938,0.0
1131899,0.0
1140097,0.0
1205633,0.0
1099140,0.0
2860431,0.0
2442640,0.0
1951127,0.0
2745752,0.0
1082777,0.0
1885594,0.0
2663838,0.0
1140127,0.0
1082786,0.0
2434467,0.0
2246053,0.0
1090987,8.203709277777777e-06
1066414,0.0
2688439,0.0
1205688,1.4397355588235295e-05
3589560,0.0
1140154,0.0
1099195,0.0
2500027,0.0
1082816,0.0
1066441,0.0
1123791,0.0
1246681,0.0
1050075,0.0
2557405,0.0
1140190,0.0
1246690,0.0
1082852,0.0
2557414,0.0
1983977,0.0
1058286,0.0
1246702,0.0023077113142857147
1082870,0.0
2524676,0.0
1025541,0.0
1140239,0.0
2729499,0.0
2934305,0.0
3728930,
1123876,0.0
1984040,0.0
1123885,0.0
1426997,0.0
2950716,0.0
1099328,1.924426944444444e-06
1107522,0.0
1025608,0.0011173167592222223
1132104,0.0
2033226,0.0
1082955,0.0
1123915,0.0
2795083,0.0
1246805,0.0
2385493,0.0
2442837,0.0
1132122,0.0
1123933,0.0
1058398,0.0
1205857,0.0
1140323,0.0
2737766,0.0
2614894,0.0
2524788,0.0
1140341,0.0
1099382,0.0
1951350,0.21407746666666666
1025662,0.0
1132159,0.0
1246850,0.0
3475074,
1427079,0.0
1107595,0.0
2958990,0.0
3212943,0.00032421604187499994
2762384,0.0
2467474,0.0
3016338,0.0
2737814,0.0
3393178,0.0
3114654,0.0
3122846,0.0
3196584,0.0
1205932,0.0
2254508,0.0
1124024,0.0
1099449,0.0
1205950,0.0
2926270,0.0
1427136,0.0
2746049,0.0
1246926,0.0
1132243,0.0
2868950,0.0
1246935,0.0
1066713,0.0
3163867,0.0
1124060,0.0
1246944,0.0
2082532,0.0
2770660,0.0
1205996,0.0
2533100,0.0
2942702,0.0
2524911,0.0
3073779,0.0
1107700,0.0
1967865,0.0
3114748,0.0
1058558,0.0
1132298,0.029145684391666666
2803474,0.0
1427220,0.0
1140510,0.0
2754334,0.0
3229473,0.0
1058594,0.0
1206050,0.0
1918755,0.0
1427239,0.009749743044444445
2074407,0.0
2787118,0.0
1083185,0.0
3155769,0.0
2721596,0.0
2410304,0.0
1124163,0.0
1427275,0.0
2844495,2.8295137e-05
2410322,0.0
1427293,0.0
1132382,0.0
2344799,0.0
3139424,0.0
2672483,0.0
1132391,0.0
2910055,0.0
2467689,9.280896466666667e-05
3147625,0.0
1107821,0.0
2942832,0.0
2615154,0.0
1132403,0.0
1107830,0.0
3180408,0.0
2942850,0.0
1099654,0.0
1247110,0.0
1206153,0.0
1140622,0.0
2746254,0.0
3123094,0.0
1099672,0.0
2344856,0.0
3237786,0.0
1124257,0.0
1132449,0.0020271322887058826
2303910,0.0
2107305,0.0
1099690,0.0
1107885,0.0
3065774,0.0
1042351,0.10316198774999999
1140659,0.0
1075126,0.0
1083318,0.0
1140677,0.0
2623430,0.0
1083336,0.0
1247183,0.0
2516943,0.0
3098576,0.0
2140115,0.0
1492956,0.0
1247204,0.0
1050600,0.00064010144
2484202,0.0
2516970,0.0
2623467,0.0
2508788,3.232862575e-05
2902005,0.0
1099766,0.0
1067000,0.0016656856333333331
2623485,0.0
1247231,0.0
2803719,0.0
1099784,0.0
1083402,0.0
1099793,0.0
1050646,0.0
2754585,0.0
1951770,0.0
1820700,0.0
1107997,0.0
2623524,0.0
1099814,0.0
2336806,0.0
1206313,0.0
1427501,0.0
1099823,0.0
3106864,0.0
1140789,0.0
1902651,0.0
1247295,0.0
2492485,0.0
1108042,0.0
2238544,0.0
1083475,0.0
2148438,0.0
3041367,0.0
1050712,0.0
3180640,0.0
2549857,0.09909872628571428
1427556,0.0
2623588,0.0
1247334,0.0
2721895,0.0
2902117,0.0
2345068,0.0
1132654,0.0012154137117647058
3065970,0.0
2713715,0.0
2820211,0.0
2345077,0.0
1206395,0.0
3188860,0.0
1132672,0.0031945275882352938
1108097,0.0
1247361,0.0
1378434,0.008038827194444445
1099908,0.0007593558700000001
2697347,0.018324345823529407
3434624,0.0
3434633,
1099917,0.0
3049617,0.0
1951891,0.0
2984092,0.0
1902754,0.0
1869987,0.0
2173092,0.133314146
1247398,0.0
2115757,0.0
2123958,0.0
2795702,0.0
1067194,0.0
1124538,0.0
1247419,0.0
1140930,0.0
1083587,0.0
1108163,0.0
1247428,0.0
1099980,0.0
2009294,0.0
3164369,0.0
1132757,0.0
2558167,0.0
1427677,0.0
1132766,0.0
1247455,0.0
1100000,0.0
2762973,0.0
2181341,0.008131328916666666
2148586,0.0
2320618,0.0
3008753,0.0
1083635,0.0
3590388,0.0
3557626,0.003928533683333333
1140994,0.0
1100037,0.0
1124613,0.0
2443526,0.0210839008
2099464,0.0
1206537,0.0
1100046,0.0
1108239,0.0
1132814,0.0
1206546,0.0003477520841176471
2337045,0.0
1083671,0.0
3762457,
1050909,0.0
1083680,0.0
2263331,0.0
2582827,0.0
1075500,0.0
1206573,0.0
2648367,0.0
1976625,0.0
2181426,0.0
1124659,0.0
2337081,0.0
1100091,0.0
2107707,2.2667754897222222e-05
3262779,0.0
1206591,0.0
2836801,0.0
1837379,7.832267000000001e-06
1100112,0.0
1083729,0.0
1247576,0.0
1132896,0.0
3262818,0.0
2410854,0.0
2935142,0.0
3049831,0.0
2263407,0.0
1141106,0.0
1845619,0.0
1108350,0.0
1247615,0.0
2550143,0.0
1083783,0.0
2017673,0.0
3058057,0.0
1206667,0.0
2107789,0.0
2730383,0.0
1100176,0.0
1247633,0.0
1067411,0.0
1206676,0.0
1862036,0.0
1141142,0.0
2836883,0.001007148513
2894230,0.017470656141176467
1075612,0.0
2222495,0.0
1124770,0.0
1247660,0.0
2001328,0.0
2468275,0.0
2066868,0.0
1124789,0.0
2861492,0.0
2877877,0.0
3123638,0.09785552133333333
1206715,0.0
1247679,0.0
1083840,0.0
1100224,0.0
1116609,0.0
2468293,0.0
2066886,0.0
1051081,0.0
1206733,0.0
1133008,0.0
2468314,0.0
1141218,0.0
3303908,0.0
2869733,0.0
1206760,0.0
3025385,0.0
1141227,0.0
1075694,5.442386e-07
2943473,0.0
1083895,0.0
2845175,0.0
2435594,0.0
1059340,0.0
2558484,0.0
2705943,0.0
2591258,0.0
1124891,0.0
1083934,0.0
2533922,0.0
1493560,0.0
1124921,0.0
3271230,0.0
2067007,0.0
1026632,0.008199466276923077
2787912,0.0
1075788,0.0
1059407,0.0
2755162,0.0
3213922,0.0
3312227,0.0
1141348,0.0
2509413,0.0
1067626,0.0
1985131,0.0
1133165,0.0
2935405,0.0
3017326,0.0
1133174,0.0
2337401,0.0021523645647058822
1206911,0.0
1493636,0.0
2312837,0.0
1141384,0.0
1944204,0.0
2976396,0.0
3033746,0.0
1247893,2.732578176470588e-07
1493654,0.0
1084061,0.0
1125030,0.0
3254952,0.0
1075881,0.0
1141423,0.0
1108659,0.0
1985216,0.002245938066666667
1141441,0.0
3140288,0.0
1075911,0.0
2378440,0.0
2640585,0.0
1133259,0.0
2861773,0.0
2452180,0.00547437814
1493720,0.0
1125085,0.0
1133277,0.0
1084128,0.0
1108707,0.0
1133286,0.0
2640615,0.0
1141487,0.0
3025648,0.0
1026801,0.0
1247987,0.0
1084155,0.0
2796286,0.0
3214095,0.0
1075984,0.0
2427665,0.0
2616085,0.0
2173720,0.0
1108761,0.0
1919770,0.0
1067804,0.0
2190110,0.0
1248032,0.0
1493793,0.0
1076002,0.0
3001129,0.0
1084203,0.0
1141553,0.0
1084212,0.01297847138888889
1108789,0.0
1977154,0.0
2108227,0.0
3001156,0.0
1248069,0.0
2476869,0.0
1493832,0.0
1051465,0.0
1248078,0.0
1493841,0.0
1207123,0.0
2485076,0.0
3058516,0.0
1059676,0.0
1207132,0.0
3058525,0.0
1141599,1.5052299317647061e-05
1141601,0.0
1117026,0.0
2141028,0.0
2747251,0.0
1125236,0.0
2345844,0.0
1051513,0.0
2100089,0.0
2632571,0.0
3435386,
1125245,0.0
1133437,0.0
1141629,0.00047605178
2550657,0.0
1469314,0.026577130833333334
1059715,4.1975786222222225e-06
1076105,0.0
3197835,0.0
2624398,0.0016219102752666667
1133455,0.0
1141647,0.0
1248144,0.0
2575249,0.0
1035157,0.0
1248153,0.0
2460569,0.0
1076123,0.0
1133473,0.0
1248162,0.0
1076132,3.08669974e-05
1207208,0.0
1141674,0.0
1133491,0.0
1076150,0.0
1027004,0.007162316670555559
2247612,0.0
3287996,0.0
1133503,0.0
2132932,8.061492352941177e-06
1117129,0.0
3165133,0.0
1076178,0.0
1133530,0.0
3189728,0.0
1117156,0.0
1895397,0.0
1108967,0.0
1125357,0.0
1059827,0.0
1076217,0.0
1068025,0.025095732833333335
2124795,0.0
2534406,0.0
1117192,0.0
2321419,0.0
1100813,0.0
2321428,0.0
3345430,0.0
1133594,0.0
1141786,0.00011894457738461538
2346010,0.0
1117213,0.0
3353631,0.0
1207329,0.0
2198563,0.0
1076262,0.0
3083303,0.0
1207338,0.0
1133615,0.0
1248304,0.0
1125450,0.0
1117259,0.0
3157071,0.0
2796624,0.0
1133660,0.0
1084511,0.0
1207392,0.0
3066977,0.0
2411619,0.0
1141861,0.0
1109094,0.0003058196543529411
2755685,0.0
1076329,0.0
1141870,0.0
1248368,0.0
3107955,0.0006565854333333334
2804855,0.0
1141889,0.0
3009666,0.0
1117316,0.0
1059975,0.0
1207431,0.0
1076365,0.0
2944144,0.0006003400363636364
3320978,0.0
1084566,0.0
3034266,0.0
3017885,0.0
3124381,0.0
1068191,0.011575858038888888
1084575,0.0
2845858,0.0
2509990,0.0
1207468,0.0
2321594,0.0
1207486,0.0
2395326,0.0
2354369,0.0
2632898,0.0
1125580,0.0
1076431,0.0
1084623,0.0
2387152,0.0
3058897,0.0
1133781,0.0
3058909,0.0
3149021,0.0
1379552,0.06652160623076922
1141991,0.00214077458
1125610,0.0
1109227,0.0
2485487,0.0
2149622,0.0
1207543,0.0
3108091,0.0
2747644,0.00027053742926666665
1084669,0.0
1051906,0.0
2665739,0.0
1076495,9.159496666666667e-07
1109263,0.0
1117455,0.0
1117464,0.0
1133848,0.0
1060131,0.0
1207589,0.0
2706726,0.0
1142055,0.0
2936103,0.0
1109290,0.009096759570588236
1076525,0.0
2706735,0.0
1207600,0.0
2641201,0.0
1117491,0.0
1871159,0.0
1248573,0.0
3165508,0.0022630392
3558726,
1494343,0.0
1109320,0.0
1117512,0.0
1051979,0.0
2264404,0.0
1142103,0.0
2461016,0.0
1248603,0.0
3157343,0.0
1830240,0.0
1969506,0.0
3108194,0.0
1469800,0.0
1846634,0.0
1084780,0.0
1125740,0.0
1133932,0.0
2166124,0.0
2575726,0.0
3247468,0.0
1142130,0.0
2747765,0.0
1076600,0.0
1207673,0.0
1478017,0.0
1199497,0.000761233695
1076619,0.0
1125777,0.0
1248658,0.0
1207703,0.0
1084829,0.0
1207712,0.0
2502049,0.0
2043319,0.0
1928633,0.0
1027518,0.004141197522222222
1134014,0.0
1076673,0.0
1134023,0.0
1199563,0.0
2043346,0.0
1076691,0.0
1125843,0.0
1134041,0.0
1830361,0.0
3263963,0.0
1076703,0.0
3157473,0.0
1134050,0.0
1142242,0.0
3165665,0.0
1060328,0.0
1117679,0.0069970665846153845
1199602,4.8742989884117656e-05
1134069,0.0
2067959,0.0
1109496,0.0
1117688,0.0
1060346,0.0
1199611,0.02117002711764706
1134078,0.0
1838590,0.0
1060355,0.0
1207815,0.0
1117709,0.0008320009
1207824,0.0
1134108,0.0
2526755,0.0
3304996,0.0
1142309,0.0
2526764,0.0
2485807,0.0
1109553,0.0
1248818,0.0
1052220,0.0
1060412,0.0
1142336,0.0
2731586,0.0
2846275,0.0
1248836,0.0
1085004,0.0
1117772,0.0
1248845,0.0
2158156,0.0
1085013,0.002364100277777778
1248854,0.0
2453084,0.0175891165
2510428,0.0
1109599,0.0
1142372,0.0
2297448,0.0
3296877,0.0
1199732,0.0036139165647058823
2453114,0.0
2608763,0.0
2805375,0.0
2887296,0.0
2010759,0.0
1207945,0.0
1126028,2.437738323529412e-05
2838159,0.0
1207954,0.0
1126037,0.0
1109656,0.0
1199769,0.008717889141666667
2256539,0.0
1126046,0.0
1142439,0.0
3100330,0.0
1199787,0.0
1248939,0.0
1142448,0.0
1486517,0.0008561176133333333
2805432,0.0
2477754,0.0
3100349,0.0
3100358,0.0
1208009,0.0
3313354,0.00327163147
1142475,0.0
2125523,0.0
1404632,0.0
1052378,0.0
1068762,0.027504697499999998
1363681,0.0
1199844,0.004479425682352941
1126121,0.0
1249002,0.0
1363690,0.0
1085170,0.0
1134322,0.00014611616235294116
1208054,0.0
2985718,0.0
2305790,0.0
1871618,0.0
2625283,0.0
1126149,0.0
1126158,0.0
1249039,0.0
1404687,0.0
1060627,0.0
1134359,0.0
2461463,0.0
2600730,0.0
1363739,0.0
2641694,0.0
1208102,0.0
2445098,0.0
1085228,0.0
1363757,0.0
2527024,0.0
3059504,0.0
1208120,0.0
1404735,0.0
1109825,0.0
1085255,5.068506111111111e-05
1486665,0.0
1109834,0.0
2928461,0.0
2731858,0.0
2297701,0.0
1199974,4.5328753529411764e-05
3485541,
3125098,0.0
1027947,0.0
1199992,0.0
1208184,0.0012714800294117647
2223997,0.0
1838974,0.0
1404799,0.0
1085312,0.0
2322304,0.012639533705882352
1077120,0.008797905100000001
1109898,0.0
1085330,0.0
2658197,0.0
3043222,0.0
1027992,0.0
3633052,0.0
1101726,0.0
1134498,0.004967146539411764
1134500,0.0
2568102,0.0
1101735,0.0
3035049,0.0
1249196,0.0008214751903529412
1085358,0.0
1126318,0.0
1200049,0.0
2805683,0.0
1109946,0.0
2797498,0.38945189
1888193,0.0
1028038,0.0
2592714,0.0
1109964,0.0
2625489,0.0
1126354,0.0
3198935,0.0
2265054,0.0
1363935,0.0
2797537,0.0
2519010,0.0
1134564,0.0
2887652,0.0
1109991,0.0
1863659,0.0
3444717,0.0
1208308,0.0
2125813,0.0
1142774,0.0
1249271,0.0
3305461,4.5163021e-05
1200124,0.0
2519038,0.0
1142783,0.0
2772990,0.0
3141650,0.0
1249299,0.0
2314260,0.0
1118229,0.0
2347035,0.0
1110045,0.0
1118238,0.0
3059746,0.0
1134630,0.0
1978414,0.0
1085488,0.0
3051571,0.0
1142840,0.0
1118265,0.0
3059773,0.0
3444801,0.0
1249347,0.0
1069125,0.005792921152941177
1085509,0.0
1118283,0.0
1126475,0.0
1118292,0.0
2994260,0.0
3395668,0.0
2314327,0.0
1200218,0.0
3280988,0.0
1134685,0.0
1093728,0.0083168186
2142306,0.0
2723938,0.0
1134694,0.0
1249383,0.0
1364071,0.0
1839207,0.0
3362923,0.0
2224239,0.0
3444847,0.0
2682996,1.7867475999999999e-06
1200245,0.0
2224257,0.0
1085572,0.0
1118340,0.0012477882000000002
1364101,0.0
1364110,0.0008393274235294119
1142934,0.0
1118368,0.0
1085602,0.0
1200290,0.0
2003108,0.0
1839270,0.0
2511014,0.0
2568362,0.007525791813333333
1085611,0.0
1208492,0.0
2764977,0.0
1200311,0.0
1208504,0.0
3715257,0.0
1142970,0.0
3821756,
3182783,0.0
1208513,0.0
3133637,0.0
3297481,0.0
2650315,0.0
2658508,0.0
1142989,0.0
3018958,0.0
3109070,0.0
1208531,0.0
1249495,0.0
1839319,0.0
1069273,0.0
1118425,0.0
3207387,0.0
1200348,0.0
2371807,0.0
1118434,0.0
2560236,0.0
2142445,0.0
1208559,0.0
1134836,0.0026125816
1110269,0.0
1134845,0.0
1208577,0.0
1110278,0.0
1249543,0.0
2560263,0.0
1200393,4.3432480588235295e-07
3223819,0.0
1143052,0.0
2937100,0.0
1208595,0.0
1020180,0.0
1200405,0.0
3223828,0.0
2224408,0.0
2560281,0.0
1061156,0.0
3485989,0.0
1020201,0.13415080166666668
3264812,0.0
3223855,0.0
1978674,0.0
1249589,0.0
2593083,0.0
2339133,0.0
1249598,0.0
1134911,0.0
2806082,0.0
3027268,0.0
2183493,0.0
1126729,0.0
2257228,0.0
3101010,0.0
1208661,0.0
2265429,0.0
1978713,0.0006851478253888888
1061213,0.0
1995103,0.0
2879844,0.10774030000000001
1249646,0.0
1200496,0.0
1905009,0.0
1102200,0.0
3248513,0.0
1085826,0.0
2847115,0.01098114569375
2568595,0.0
1085844,0.0
1135002,0.0
1118621,0.0
1085862,0.0
1249703,0.0
1249712,0.0
2453936,0.0
1020340,0.011836112672222222
1028533,0.0
1085880,0.0
1249730,0.0
3150278,0.0
3207622,0.0
1135048,0.0
1085899,0.0
2511313,0.0
1126868,0.0
2961879,0.0
2511322,0.0
2961888,0.0
2634212,7.624611333333333e-07
1102312,0.0026489073444444446
1085929,0.0
1479144,0.0
1020395,0.0
3207659,0.0
3076592,0.0
1200629,0.0
2052601,0.09219121616666666
1085947,0.0
2560508,0.0
3035647,0.0
3174911,0.0
1135105,0.0
1135114,0.0
1479180,0.0
1085965,0.0
2552334,0.0
1053209,0.0
2486813,0.0
1102367,0.0017369853933333335
1208876,0.0
1143342,0.0
1086001,0.009606143633333333
1200692,0.0
1208885,0.0
3232316,0.12027251588235292
2495039,0.0015522838399999997
2757184,0.0
2748995,0.0
2576965,0.0
3232325,0.10559193659999999
1208906,0.0
2896458,0.0
3019339,0.0
1118797,0.0021771507891764704
3199567,0.0
1053272,0.00022237794444444445
2306649,0.0
1118818,0.0
1208933,0.0
1823345,0.0
1102451,0.0
2847357,0.0
1249918,0.0
1118854,0.0
1053320,0.0
1200777,0.0
2421391,0.0
3134102,0.0
2560665,0.0
2683546,0.0
1053339,0.0
1200795,0.0
3084953,0.0
2380443,
1208997,0.0
1020582,0.0
1036967,
2052777,0.0
1086122,0.0
1094314,0.0002499089971666666
1053357,0.0
3445424,0.0
1086131,0.001768268746888889
3248821,0.0
2265782,0.0
1143481,0.0
2249401,0.0
2708159,0.0
1848003,0.0
1037003,0.0034806503000000006
3142349,0.0
1839823,0.0
1069778,0.029952838722222225
1209042,0.0
2257620,0.0
2781910,0.0
1143511,0.0
1086168,0.0
1250008,0.0
1233627,0.0
2011868,0.0
1118948,3.3236138352941176e-05
3109605,0.0
2929383,0.0
1127146,0.0
1250026,0.0005613288820000001
1250035,0.0
2339571,0.0
1102581,0.0
1118966,0.0
1061624,0.0
2634490,0.0
2626299,0.0
1135356,0.0
3027709,0.0
1209088,0.0
3232512,0.0
1995523,0.013467095057222222
1020676,0.0
2577159,0.0
1209097,0.0003108192657142857
1135374,0.0
1209109,0.0
2945824,0.0014632812139999999
1086243,0.0
2388775,0.0
3003178,0.0
1135404,0.0
1495854,0.0
1061679,0.0
1209136,0.0
2847535,0.00043799126
3044144,0.0
1135413,0.0
1053496,0.017484901388888887
1209145,0.0
2913083,0.0
2929468,0.0
1086270,0.0
1135422,0.0
1143623,0.0007023165494117647
2339656,0.0
2863946,0.0
1913684,0.0
1143641,0.0
1086298,0.0
3347292,0.0
1209181,0.0
1119075,0.0
1823587,0.0
1061736,0.0
2356073,0.0
2061162,0.0
2184043,0.0
1135468,0.0
2454380,7.621736133333332e-06
1823608,0.0
3101560,0.0
1127294,0.0
2290560,0.0
1053580,0.0
2388878,0.0
2429838,0.0
3314575,0.0
3019674,0.0
2757531,0.0
1127324,0.0
1135516,0.0
1250204,0.0
2315164,0.0
1209248,0.0
3191712,0.0
2741156,0.0
1143717,0.0
1201064,0.0
2339759,0.0
3232688,
1209284,0.0
2634696,0.0
1201103,0.0
1143762,0.0001503360205882353
1094613,0.0
1201112,0.0
1209305,0.0
2995164,0.0
2716640,0.0
2184164,0.029787453636363634
1020902,0.02979796111111111
1135598,0.0
1250286,0.0
1094640,0.064103188
1086449,0.0
1135600,0.0
1250295,0.0
1020920,0.0
1143801,0.0
1086458,0.0
1823738,0.0
2872322,0.0
1823747,0.0
2298883,0.0
1061893,0.0
2003975,0.0
1086476,0.0
1119244,0.0
1250316,0.0
2839567,0.0
3109904,0.0
1053713,0.0
2618388,0.0
1143829,0.0
2298904,0.0
1135646,0.0
1119271,0.0
1135655,0.0
1086506,0.0
1201194,1.77575e-05
1111088,0.0
2454586,0.0
1135682,0.0
1250370,0.0
1086533,0.001716873675511111
1135691,0.0
2856014,0.0
2700368,0.0
1201233,0.0
1209426,0.0
3109968,0.0
2626646,0.0
2872407,0.11796339600000001
3101784,0.0
1840221,0.0
1250398,0.0
2061407,0.0
1119329,0.0
2577506,0.0
1061987,0.0
1209444,0.0
1029222,0.0
2176105,0.0
1832048,0.0
1963120,0.0
2880626,0.0
1119347,0.0
3077236,0.0
2634874,0.0
1209471,0.0
2126977,0.02302925770588235
2626691,0.0
1119365,0.0
1127557,0.0
1250437,0.0
1840267,0.0
1029259,0.0
3150997,0.0
1119383,0.0
1143959,0.0
1209499,0.0
2012315,0.011718243545555555
2364573,0.0
3183771,0.0
1127584,0.0
2585761,0.0
1062050,0.0
1209510,0.0
1250473,0.0
2929833,0.0
1094828,0.0014869881814444444
1119404,0.0
2004141,0.0
1029295,0.0
3003570,0.0
3019964,0.0
1086654,0.0
1209538,0.0
2536642,0.0
1832132,0.0007147967221666668
2299077,0.0
1889480,0.0
3159244,0.0
1094864,0.0
1135824,0.0
2307280,0.004253175347058823
1201363,0.0
2700500,0.0
1029334,0.0
1250521,0.0
2127068,0.0
1127650,0.0
2839781,0.0
3200230,0.0
2348274,0.0
2618614,0.0
1062135,0.0
1889529,0.0
1070336,0.0
1078529,0.0026208374777777783
1889538,0.0
1209604,0.0
1119495,0.0
1070345,0.005788568222222222
1889547,0.0
2012436,0.0
1357082,0.0
1086748,0.0
1889565,0.0
2069793,0.004698874
2209058,0.0
1119525,0.0
1135909,0.0
2577702,0.06609334264
1201448,0.0
1144107,0.0
1250606,0.0
1086766,0.0
1054000,0.0
1201457,0.0
2962737,0.0
1029428,0.0
1471803,0.0
3183931,0.0
1144125,0.0
1357121,0.0
3306824,0.0
1103177,0.0
2848073,0.0
1078604,0.0015110702311111114
1275216,
1070420,0.0
1029464,0.0
1250651,0.0
1357149,0.0
1086814,0.0
1209695,0.0
1135972,0.01740268784111111
1119589,0.0
1250660,0.0
2577766,0.0
1471849,0.0
1029482,0.0
1209707,0.0
1070448,7.09401423961111e-05
1209716,0.0
1054073,0.0
1201532,0.0
1136009,0.0
1054091,0.0
1111435,0.043379300470588245
1119628,0.0
1209743,0.0
2241937,0.0
1095058,0.0
1070484,0.0
2856340,0.0
2536857,0.0
2176413,0.0
3093919,0.0
1209761,0.0
2839969,0.0
1947045,0.0
1144237,0.0
2741679,0.0166532396
2856368,0.0
1938865,0.0
2856377,0.0
1209789,0.0
2651581,0.0
2651590,0.0
1029576,0.0
3200463,0.0
1127892,0.0
1471960,0.0
2020824,0.0
2356701,0.0
1947102,0.0
3110366,0.0
1209828,0.0011943812235294118
1070569,0.0
1127913,0.0
2815468,0.0
1971693,2.483653388888889e-06
2938349,0.0
1070578,0.0
1848825,0.0
3184125,0.0
3438079,0.0
3536386,
1201671,0.0
1136139,0.0
3438097,0.0
1250839,0.0
2520605,0.0
1103391,0.0
2217503,0.0
1136175,0.0
1840687,0.0
1119794,0.0018127664599999998
2856498,0.0
1070644,0.0
1234491,0.0
2618940,0.0
1078846,0.0018315325088888892
1889855,0.0
2831936,0.0
2463298,0.0
2250313,0.001871751323333333
1201738,0.0
3446346,0.0
1881680,0.0
1095254,0.0
1136214,0.0
1250905,0.0
3053146,0.0
2504285,0.0
2233950,0.0
1209958,0.002358957752
1128040,0.0
2971261,0.0
2684543,0.0
1062528,0.0
1021570,0.0
2905734,0.0
2561671,0.0
3217032,0.0
1078921,1.2055243173999997e-05
3446412,0.0
1136269,0.0
2324111,0.0
3045011,0.0
3602067,0.023822909
2356886,0.0
1070747,0.0
1136287,0.0
2995874,0.0
3184291,0.0
1070756,0.0
1070765,0.0
1078958,0.0
1889967,0.0
3266227,0.0
1021628,0.0
2291389,0.0
1210048,0.0
1201859,0.0
1128134,0.0
2512589,0.0
2873039,0.0
3405521,0.0
1210066,0.0
1070804,3.941531983333333e-07
3135190,0.0
1472220,0.0
1062621,0.0
1070831,0.0
3340015,0.0
1021682,0.0
1095414,0.0
2963190,0.0
1070840,0.0
1062649,0.0
1029884,0.0037915715709055556
1201916,0.0
3266302,0.0
1095423,0.0
1472257,0.0
2856706,0.0
2135812,0.0
1029893,0.0006125019644444444
1201925,0.0007363849529411765
2496269,0.0
1201934,0.0
1062676,0.0
1079067,0.0
2406174,0.0
1201952,0.0
1840931,0.0
1128228,0.0
2127657,0.0027819942352941174
1095469,0.0
1054514,0.0
1103672,0.0
1210169,0.0
2029368,0.0
2807614,0.0
3602245,
3225420,0.0
1881934,0.0
2520913,0.0
3307362,0.0
3200874,0.0
1841004,0.0
2922348,0.0
1832824,0.0
2332536,0.0
1070970,0.0
3102585,0.0
1202052,0.0
1210244,0.0
1136531,7.611547833333332e-05
1832851,0.0
1070998,0.0
1103766,0.0
1030040,0.0
1136540,0.0
2840479,0.0
1128358,0.0
2291624,0.0
2365356,0.0
1103793,0.0
1202098,0.0
2389941,2.856167874666666e-06
1021879,0.0
1251256,0.0
1210299,0.004697342847058824
3217340,0.0
1136577,0.0
1071043,0.0
3192773,0.0
2848710,0.0
2652104,0.0
3012554,0.0
2324429,0.0
1136595,0.0
1398740,0.0
2619349,0.0
1095638,0.0
1480663,0.0
2242523,0.0
2734064,0.0
1095674,3.312358062222222e-05
2390013,0.0
2807810,0.0
1103878,0.0
1398795,0.0
1128460,0.0
2291727,0.00249011752
2390031,0.0
1030161,0.0
1136661,0.0
1398807,0.0
1406999,0.0
1030170,0.0
1136670,0.0016732995770588237
2922526,0.0
2848804,0.0
1988646,0.0
1095722,0.0
1210413,0.0
1128497,0.0
1136689,0.0
2070584,0.0
2603067,0.0
1062975,0.0
2332750,2.830291e-05
1095759,0.0
1128527,0.0
1202258,0.0
1071191,0.0
2168922,0.0
1054813,0.0
2078816,0.0
1071203,0.0
1202276,0.0
1210468,0.0
2775142,0.0
3143784,0.0
2300012,0.0
3635319,0.0
1054840,0.0
2685054,0.0
1063039,0.0
2168959,0.0
3152003,0.0
1128581,0.0
1095816,0.0
2963592,0.0
1079441,0.0044125854
1104017,0.0
3184787,0.0
1398937,0.0
2693273,0.0
2734233,0.0
3176607,0.0
1136803,0.0006249231752941175
3192997,0.004322885691818181
2545831,0.0
1071276,0.00017124782405555553
1095852,0.0
1398973,0.0
1071306,0.0
2291914,0.0
1104080,0.0
1095889,0.0
3176661,0.0
1022166,0.0
2914521,0.2037217
1210589,0.0
1128675,0.0
1071342,0.0
1480944,0.0
3274996,0.0
2513157,0.0
2693385,0.0
1079562,6.59861328888889e-05
3004689,0.0
3143953,0.0
1071379,0.0
1210646,0.0
1071388,0.0
2152734,0.0
1055007,0.0
2578718,0.0
1399073,0.0
1071397,0.0003330538911111111
1136933,0.0
1095982,0.0
1071409,0.0
1030451,0.0
3234105,0.0
1210682,0.0
2636092,0.0
1022269,0.0
1128769,0.0
3742020,
2349404,0.0
1063262,0.0
1071454,0.0
1071463,0.0
1104231,0.0
3070312,0.0
2947435,0.0012379233200000002
1137006,0.0
1055089,0.0
3594612,0.00312703745
2644341,0.0036775161250000004
3152245,0.0
1137015,0.0
2398587,0.0
1210749,0.0
2791816,0.0
1071502,0.0
1137042,0.0
1071511,0.0
2242970,0.0
2349468,0.0
1055137,0.0
1907106,0.0
3021220,0.0
2521509,0.0
1866155,0.0
1980846,0.0
2349486,0.0
1128880,0.0
1079731,0.0
1055155,0.0
1071539,0.0
1104307,0.0
2849203,0.0
2603450,0.0
1079740,1.5697776698888892e-05
2349507,0.0
1104325,0.0
2939337,0.0
3283402,0.0
1071566,0.0
1137109,0.0
2718167,0.0
2791898,0.0
2144739,0.0
2537957,0.0
2472423,0.0
2750952,0.0
3201518,0.0
1096176,0.0
1120754,0.015847744294117647
2193906,0.0
2324997,0.0
2611718,0.0
1071623,0.0
2808330,0.0
2161165,0.0
3258893,0.0
1071632,0.0
2267665,0.0
1202708,0.0
2234920,0.0
2914857,0.0
1071669,0.01380269277777778
1137211,0.00030888588764705884
2447935,0.0
1841732,0.0
1129029,0.0
1202762,0.0
1055315,0.00015852243833333333
3209813,0.0008082362039999999
1825367,0.0
1137248,0.0
3447398,
1129065,0.0
2898537,0.0
3013225,0.0
2849388,0.0
1071726,0.0
1202799,0.0
3594872,
1989241,0.0
1964668,0.0
1063552,0.0
1145476,0.000490178536117647
2038409,0.0
2685577,0.0
1833616,0.0
2718354,0.0
2767512,0.0
2611866,0.0
1145506,0.0
1104549,0.0
2202282,0.0
2341547,0.0
2497202,0.0
1096372,0.0
1399484,0.0
1104576,0.0
1071810,0.0008692236999999999
1055427,0.0
1063619,0.0
1202883,0.0
1022661,0.0009973711883333335
3209934,0.0
3357394,0.0
2857691,0.0
3488485,0.0
3267309,0.0
3390195,0.0
1399541,0.0
2349815,0.020502406647058824
2513661,0.0
1096448,0.0
1104642,0.0
1137426,0.0
1104660,0.0
2267937,0.0
3447585,
1030947,0.0
1096484,0.0
3234600,0.0
1071913,0.0
1202986,0.0
2521899,0.0
1022764,8.960422772222221e-06
1137453,0.0
2767660,0.0
2947882,0.0
3472176,
2530097,0.0
1137462,0.0
1096505,0.011774390411111111
3185476,
1080139,0.0
3595084,
3251027,0.0
3242838,0.00880966452
3021659,0.0
2300768,0.0
2800482,0.0
1096550,0.0
2325350,0.0
3103603,0.0
1399671,0.0
3300215,0.0
1137529,0.0
3234682,0.0
3177341,0.0
1137538,0.0
1055623,0.0
2816906,0.313702989375
2947985,0.0
3005332,0.00018707190666666666
3136405,0.0
2603928,0.0
2702232,0.0
2571166,0.0
1842083,0.0
1129382,0.012777387070588238
1055669,0.0
2497462,0.0
2112439,0.0
1399747,0.0
2743235,0.0
2702278,0.0
1022924,0.0007413941116666667
1121229,0.0
1063888,0.0
1399765,0.0
1129430,0.0
2333654,0.001754222294117647
2603991,0.0
1399774,0.0
3390430,0.0
2472928,0.0
3365858,0.0
3021800,0.0
1055726,0.0
2227182,0.0
1891317,0.0
1129467,0.0
2251776,0.0
2571269,0.0
2849799,0.0
1833997,0.0
2169871,0.0
1055762,0.0
1022997,0.0
2128917,0.0
1104923,0.000963514375
2595881,0.0
1129515,0.0
2022444,0.0
3292217,0.0020988326240000002
2735164,0.0
1129533,0.0
2022471,0.0
3587146,0.042365577
3292253,0.0
1039454,0.0
2595939,0.0
2006118,0.0
1137770,0.0
2022529,0.0
2374787,0.0
3308677,0.0
1137798,0.0
1039502,0.2641568805555556
1080465,0.0
1129618,0.0
2710675,0.0
3071122,0.0
2579612,0.0
3595422,0.0
1137828,0.0
3030192,0.0
1023154,0.0
1031346,0.0
1842355,0.0
1105078,0.0
3112119,0.0
2833604,0.01544029790909091
2342085,0.0
1129672,0.0
1137864,0.0
3194058,0.0012965938
2391243,0.0
2235598,0.0
1129681,0.0
2759900,0.0
2522337,0.0
2735333,0.0
2391270,0.0
2252009,0.0
2514163,0.0
1023220,0.0
1842421,0.0
2907381,0.0
1416439,0.0
1080568,0.0
1096952,0.0
1203451,0.0
2891006,0.0
1826047,0.0
1416448,0.0
2391300,0.0
1031430,0.0
1023239,5.160400944444445e-05
1826056,0.000345864357
1105162,0.006508227836363637
2710796,0.0
1080595,0.0
1031449,0.003061462848888889
2817314,0.0
3030307,0.0
1137958,0.0
1031467,0.0
2473260,0.0
1416493,0.0
1203509,0.0
1097016,0.0
3136825,0.0
1072442,0.000219626446
2514239,0.0
2211136,0.0
1097025,0.000882404178
1137985,0.0
1416523,0.0
1064269,0.0
1129805,0.0
1203536,0.0
1064278,0.0
2456919,0.0
3153242,0.0
1138012,0.0
3243358,0.0
1129823,0.0
1097061,0.0
1416550,0.0
2366821,0.0
1097070,0.0
1056125,0.0
1097089,0.0
1138049,0.0
1416578,0.0
2325891,0.0
1056134,0.0
1203590,0.0
2088329,0.0
1097098,0.0
1097100,0.0
1129869,0.0
1203602,0.0
2801050,0.0
1834396,0.0
1129887,0.0
1416608,0.0
1056161,0.0
1031588,0.0
2260406,0.0002376816168823529
1138106,0.0
1056189,0.0
1121733,0.0
1031627,0.0
3251661,0.0
1990096,0.0
3169748,0.0
1097173,0.0
1097182,0.0
1416671,0.0
1080803,0.0
2227687,0.0
1064429,0.0
1203693,0.0
1121788,0.0
1416701,0.0
1031681,0.0
1203714,0.0
2465283,0.0
1097221,0.0
1138188,0.0
2473484,0.0
1105425,0.006608314392944442
1138197,0.0
3104280,0.0
1097249,0.0
2465313,0.0
1883693,0.03268581033333333
1080885,0.0
1064504,0.0
3137082,0.0
1105470,0.0
3186240,0.0
1203778,0.0
2088516,0.0
2178631,0.0
3382855,
1056330,0.0
2293329,0.0
1097306,0.0014998530944444444
2121310,0.0
2432614,0.0
1982055,0.0
1130089,0.0
1130098,0.0009171138535294118
1105528,0.0
1416831,0.0
1244801,0.0
2571906,0.0
1891979,0.0
2784920,0.0
2834076,0.0
2694814,0.0
3030688,0.0
2326179,0.0
3210921,0.0
1097388,0.0
1121966,0.0
2317999,0.0
2907822,0.0
1130164,0.0
2916020,0.0
1203899,0.0
2072252,0.0
1203901,0.0
2686659,0.0
2834115,0.0
3047109,0.0
1121993,0.0
1416907,0.0
1064652,0.0
2809560,0.0
1138393,0.0
2948825,0.0
1056479,0.0
3030754,0.0
1081060,0.0
1097445,0.0
2531049,0.0
2776813,0.0
3407598,0.0
2465519,0.0
3047154,0.0
1031926,0.0
1081079,0.0
1842935,0.0
2465528,0.0
2572024,0.0
3047163,0.0
2621182,0.0
2293507,0.0
3047172,0.0
3211012,
1203974,0.0
2244358,0.0
1081097,0.0
1122057,0.0
1130249,0.0
2293516,0.0
1490701,0.0
3202832,0.0
1138450,0.0
2858773,0.0
1064728,0.0
2309912,0.0
1122075,0.0
1081118,0.0
3079968,0.0
1064737,0.0
1122084,0.0
1097511,0.0
1417007,0.0
1081136,0.0
3104570,0.0
3489594,0.0
1204029,0.0
1056581,0.0
3063622,0.16618144666666665
2924360,0.0
2916169,0.0
1122123,0.0
3120972,0.0
2121552,0.0
2621267,0.0
1138517,0.0
1105751,0.0
1097566,0.0
1138526,0.0
2031455,0.0
1097575,0.0
1138535,0.0
1204074,0.0
1064812,0.0
1048429,3.246268111111111e-05
1843062,0.0
3178366,0.0
1204104,0.0
1843080,0.00024234190536499996
2801546,0.0013123941506666668
2899851,0.0
1245068,0.0
1097614,2.486373673055556e-05
3186576,0.0
1056657,0.0
2596758,0.0
1081239,0.0032531624755555554
2973591,0.0093615008
3186585,0.0
2949019,0.0
1032099,0.0
3030950,0.0
2744232,0.0
1056684,0.0
1138610,0.0
1048504,0.0
2244545,0.0
2875332,0.0
2858951,0.0
2981831,0.0
1204177,0.0
1064915,0.0
2645973,0.0
3104730,0.0
3391455,
1081314,0.0
2858979,0.0
2670573,0.0
1417203,0.0
2170868,0.0
2637820,0.0
